Round,Seed1,Team1,Team2,Seed2,Result
1,1,North Carolina,Mount St Marys,16,1
1,2,Tennessee,American,15,1
1,3,Louisville,Boise St,14,1
1,4,Washington St,Winthrop,13,1
1,5,Notre Dame,George Mason,12,1
1,6,Oklahoma,St Josephs,11,1
1,7,Butler,South Alabama,10,1
1,8,Indiana,Arkansas,9,0
1,1,Kansas,Portland St,16,1
1,2,Georgetown,UMBC,15,1
1,3,Wisconsin,Cal St Fullerton,14,1
1,4,Vanderbilt,Siena,13,0
1,5,Clemson,Villanova,12,0
1,6,USC,Kansas St,11,0
1,7,Gonzaga,Davidson,10,0
1,8,UNLV,Kent St,9,1
1,1,Memphis,Texas Arlington,16,1
1,2,Texas,Austin Peay,15,1
1,3,Stanford,Cornell,14,1
1,4,Pittsburgh,Oral Roberts,13,1
1,5,Michigan St,Temple,12,1
1,6,Marquette,Kentucky,11,1
1,7,Miami,St Marys,10,1
1,8,Mississippi St,Oregon,9,1
1,1,UCLA,Mississippi Valley St,16,1
1,2,Duke,Belmont,15,1
1,3,Xavier,Georgia,14,1
1,4,Connecticut,San Diego,13,0
1,5,Drake,Western Kentucky,12,0
1,6,Purdue,Baylor,11,1
1,7,West Virginia,Arizona,10,1
1,8,BYU,Texas A&M,9,0
2,1,North Carolina,Arkansas,9,1
2,2,Tennessee,Butler,7,1
2,3,Louisville,Oklahoma,6,1
2,4,Washington St,Notre Dame,5,1
2,1,Kansas,UNLV,8,1
2,2,Georgetown,Davidson,10,0
2,3,Wisconsin,Kansas St,11,1
2,13,Siena,Villanova,12,0
2,1,Memphis,Mississippi St,8,1
2,2,Texas,Miami,7,1
2,3,Stanford,Marquette,6,1
2,4,Pittsburgh,Michigan St,5,0
2,1,UCLA,Texas A&M,9,1
2,2,Duke,West Virginia,7,0
2,3,Xavier,Purdue,6,1
2,13,San Diego,Western Kentucky,12,0
3,1,North Carolina,Washington St,4,1
3,2,Tennessee,Louisville,3,0
3,1,Kansas,Villanova,12,1
3,10,Davidson,Wisconsin,3,1
3,1,Memphis,Michigan St,5,1
3,2,Texas,Stanford,3,1
3,1,UCLA,Western Kentucky,12,1
3,7,West Virginia,Xavier,3,0
4,1,North Carolina,Louisville,3,1
4,1,Kansas,Davidson,10,1
4,1,Memphis,Texas,2,1
4,1,UCLA,Xavier,3,1
5,1,North Carolina,Kansas,1,0
5,1,Memphis,UCLA,1,1
6,1,Kansas,Memphis,1,1
1,1,Louisville,Morehead St,16,1
1,2,Michigan St,Robert Morris,15,1
1,3,Kansas,North Dakota St,14,1
1,4,Wake Forest,Cleveland St,13,0
1,5,Utah,Arizona,12,0
1,6,West Virginia,Dayton,11,0
1,7,Boston College,USC,10,0
1,8,Ohio St,Siena,9,0
1,1,Connecticut,Chattanooga,16,1
1,2,Memphis,Cal St Northridge,15,1
1,3,Missouri,Cornell,14,1
1,4,Washington,Mississippi St,13,1
1,5,Purdue,Northern Iowa,12,1
1,6,Marquette,Utah St,11,1
1,7,California,Maryland,10,0
1,8,BYU,Texas A&M,9,0
1,1,Pittsburgh,East Tennessee St,16,1
1,2,Duke,Binghamton,15,1
1,3,Villanova,American,14,1
1,4,Xavier,Portland St,13,1
1,5,Florida St,Wisconsin,12,0
1,6,UCLA,VCU,11,1
1,7,Texas,Minnesota,10,1
1,8,Oklahoma St,Tennessee,9,1
1,1,North Carolina,Radford,16,1
1,2,Oklahoma,Morgan St,15,1
1,3,Syracuse,Stephen F Austin,14,1
1,4,Gonzaga,Akron,13,1
1,5,Illinois,Western Kentucky,12,0
1,6,Arizona St,Temple,11,1
1,7,Clemson,Michigan,10,0
1,8,LSU,Butler,9,1
2,1,Louisville,Siena,9,1
2,2,Michigan St,USC,10,1
2,3,Kansas,Dayton,11,1
2,13,Cleveland St,Arizona,12,0
2,1,Connecticut,Texas A&M,9,1
2,2,Memphis,Maryland,10,1
2,3,Missouri,Marquette,6,1
2,4,Washington,Purdue,5,0
2,1,Pittsburgh,Oklahoma St,8,1
2,2,Duke,Texas,7,1
2,3,Villanova,UCLA,6,1
2,4,Xavier,Wisconsin,12,1
2,1,North Carolina,LSU,8,1
2,2,Oklahoma,Michigan,10,1
2,3,Syracuse,Arizona St,6,1
2,4,Gonzaga,Western Kentucky,12,1
3,1,Louisville,Arizona,12,1
3,2,Michigan St,Kansas,3,1
3,1,Connecticut,Purdue,5,1
3,2,Memphis,Missouri,3,0
3,1,Pittsburgh,Xavier,4,1
3,2,Duke,Villanova,3,0
3,1,North Carolina,Gonzaga,4,1
3,2,Oklahoma,Syracuse,3,1
4,1,Louisville,Michigan St,2,0
4,1,Connecticut,Missouri,3,1
4,1,Pittsburgh,Villanova,3,0
4,1,North Carolina,Oklahoma,2,1
5,2,Michigan St,Connecticut,1,1
5,3,Villanova,North Carolina,1,0
6,2,Michigan St,North Carolina,1,0
1,1,Kansas,Lehigh,16,1
1,2,Ohio St,Santa Barbara,15,1
1,3,Georgetown,Ohio,14,0
1,4,Maryland,Houston,13,1
1,5,Michigan St,New Mexico St,12,1
1,6,Tennessee,San Diego St,11,1
1,7,Oklahoma St,Georgia Tech,10,0
1,8,UNLV,Northern Iowa,9,0
1,1,Syracuse,Vermont,16,1
1,2,Kansas St,North Texas,15,1
1,3,Pittsburgh,Oakland,14,1
1,4,Vanderbilt,Murray St,13,0
1,5,Butler,UTEP,12,1
1,6,Xavier,Minnesota,11,1
1,7,BYU,Florida,10,1
1,8,Gonzaga,Florida St,9,1
1,1,Kentucky,East Tennessee St,16,1
1,2,West Virginia,Morgan St,15,1
1,3,New Mexico,Montana,14,1
1,4,Wisconsin,Wofford,13,1
1,5,Temple,Cornell,12,0
1,6,Marquette,Washington,11,0
1,7,Clemson,Missouri,10,0
1,8,Texas,Wake Forest,9,0
1,1,Duke,Arkansas Pine Bluff,16,1
1,2,Villanova,Robert Morris,15,1
1,3,Baylor,Sam Houston St,14,1
1,4,Purdue,Siena,13,1
1,5,Texas A&M,Utah St,12,1
1,6,Notre Dame,Old Dominion,11,0
1,7,Richmond,St Marys,10,0
1,8,California,Louisville,9,1
2,1,Kansas,Northern Iowa,9,0
2,2,Ohio St,Georgia Tech,10,1
2,14,Ohio,Tennessee,6,0
2,4,Maryland,Michigan St,5,0
2,1,Syracuse,Gonzaga,8,1
2,2,Kansas St,BYU,7,1
2,3,Pittsburgh,Xavier,6,0
2,13,Murray St,Butler,5,0
2,1,Kentucky,Wake Forest,9,1
2,2,West Virginia,Missouri,10,1
2,3,New Mexico,Washington,11,0
2,4,Wisconsin,Cornell,12,0
2,1,Duke,California,8,1
2,2,Villanova,St Marys,10,0
2,3,Baylor,Old Dominion,11,1
2,4,Purdue,Texas A&M,5,1
3,9,Northern Iowa,Michigan St,5,0
3,2,Ohio St,Tennessee,6,0
3,1,Syracuse,Butler,5,0
3,2,Kansas St,Xavier,6,1
3,1,Kentucky,Cornell,12,1
3,2,West Virginia,Washington,11,1
3,1,Duke,Purdue,4,1
3,10,St Marys,Baylor,3,0
4,5,Michigan St,Tennessee,6,1
4,5,Butler,Kansas St,2,1
4,1,Kentucky,West Virginia,2,0
4,1,Duke,Baylor,3,1
5,5,Michigan St,Butler,5,0
5,2,West Virginia,Duke,1,0
6,5,Butler,Duke,1,0
1,1,Ohio St,Texas San Antonio,16,1
1,2,North Carolina,Long Island Brooklyn,15,1
1,3,Syracuse,Indiana St,14,1
1,4,Kentucky,Princeton,13,1
1,5,West Virginia,Clemson,12,1
1,6,Xavier,Marquette,11,0
1,7,Washington,Georgia,10,1
1,8,George Mason,Villanova,9,1
1,1,Duke,Hampton,16,1
1,2,San Diego St,Northern Colorado,15,1
1,3,Connecticut,Bucknell,14,1
1,4,Texas,Oakland,13,1
1,5,Arizona,Memphis,12,1
1,6,Cincinnati,Missouri,11,1
1,7,Temple,Penn St,10,1
1,8,Michigan,Tennessee,9,1
1,1,Kansas,Boston University,16,1
1,2,Notre Dame,Akron,15,1
1,3,Purdue,St Peters,14,1
1,4,Louisville,Morehead St,13,0
1,5,Vanderbilt,Richmond,12,0
1,6,Georgetown,VCU,11,0
1,7,Texas A&M,Florida St,10,0
1,8,UNLV,Illinois,9,0
1,1,Pittsburgh,UNC Asheville,16,1
1,2,Florida,Santa Barbara,15,1
1,3,BYU,Wofford,14,1
1,4,Wisconsin,Belmont,13,1
1,5,Kansas St,Utah St,12,1
1,6,St Johns,Gonzaga,11,0
1,7,UCLA,Michigan St,10,1
1,8,Butler,Old Dominion,9,1
2,1,Ohio St,George Mason,8,1
2,2,North Carolina,Washington,7,1
2,3,Syracuse,Marquette,11,0
2,4,Kentucky,West Virginia,5,1
2,1,Duke,Michigan,8,1
2,2,San Diego St,Temple,7,1
2,3,Connecticut,Cincinnati,6,1
2,4,Texas,Arizona,5,0
2,1,Kansas,Illinois,9,1
2,2,Notre Dame,Florida St,10,0
2,3,Purdue,VCU,11,0
2,13,Morehead St,Richmond,12,0
2,1,Pittsburgh,Butler,8,0
2,2,Florida,UCLA,7,1
2,3,BYU,Gonzaga,11,1
2,4,Wisconsin,Kansas St,5,1
3,1,Ohio St,Kentucky,4,0
3,2,North Carolina,Marquette,11,1
3,1,Duke,Arizona,5,0
3,2,San Diego St,Connecticut,3,0
3,1,Kansas,Richmond,12,1
3,10,Florida St,VCU,11,0
3,8,Butler,Wisconsin,4,1
3,2,Florida,BYU,3,1
4,4,Kentucky,North Carolina,2,1
4,5,Arizona,Connecticut,3,0
4,1,Kansas,VCU,11,0
4,8,Butler,Florida,2,1
5,4,Kentucky,Connecticut,3,0
5,11,VCU,Butler,8,0
6,3,Connecticut,Butler,8,1
1,1,Kentucky,Western Kentucky,16,1
1,2,Duke,Lehigh,15,0
1,3,Baylor,South Dakota St,14,1
1,4,Indiana,New Mexico St,13,1
1,5,Wichita St,VCU,12,0
1,6,UNLV,Colorado,11,0
1,7,Notre Dame,Xavier,10,0
1,8,Iowa St,Connecticut,9,1
1,1,Michigan St,Long Island Brooklyn,16,1
1,2,Missouri,Norfolk St,15,0
1,3,Marquette,BYU,14,1
1,4,Louisville,Davidson,13,1
1,5,New Mexico,Long Beach St,12,1
1,6,Murray St,Colorado St,11,1
1,7,Florida,Virginia,10,1
1,8,Memphis,St Louis,9,0
1,1,Syracuse,UNC Asheville,16,1
1,2,Ohio St,Loyola Maryland,15,1
1,3,Florida St,St Bonaventure,14,1
1,4,Wisconsin,Montana,13,1
1,5,Vanderbilt,Harvard,12,1
1,6,Cincinnati,Texas,11,1
1,7,Gonzaga,West Virginia,10,1
1,8,Kansas St,Southern Mississippi,9,1
1,1,North Carolina,Vermont,16,1
1,2,Kansas,Detroit,15,1
1,3,Georgetown,Belmont,14,1
1,4,Michigan,Ohio,13,0
1,5,Temple,South Florida,12,0
1,6,San Diego St,NC State,11,0
1,7,St Marys,Purdue,10,0
1,8,Creighton,Alabama,9,1
2,1,Kentucky,Iowa St,8,1
2,15,Lehigh,Xavier,10,0
2,3,Baylor,Colorado,11,1
2,4,Indiana,VCU,12,1
2,1,Michigan St,St Louis,9,1
2,15,Norfolk St,Florida,7,0
2,3,Marquette,Murray St,6,1
2,4,Louisville,New Mexico,5,1
2,1,Syracuse,Kansas St,8,1
2,2,Ohio St,Gonzaga,7,1
2,3,Florida St,Cincinnati,6,0
2,4,Wisconsin,Vanderbilt,5,1
2,1,North Carolina,Creighton,8,1
2,2,Kansas,Purdue,10,1
2,3,Georgetown,NC State,11,0
2,13,Ohio,South Florida,12,1
3,1,Kentucky,Indiana,4,1
3,10,Xavier,Baylor,3,0
3,1,Michigan St,Louisville,4,0
3,7,Florida,Marquette,3,1
3,1,Syracuse,Wisconsin,4,1
3,2,Ohio St,Cincinnati,6,1
3,1,North Carolina,Ohio,13,1
3,2,Kansas,NC State,11,1
4,1,Kentucky,Baylor,3,1
4,4,Louisville,Florida,7,1
4,1,Syracuse,Ohio St,2,0
4,1,North Carolina,Kansas,2,0
5,1,Kentucky,Louisville,4,1
5,2,Ohio St,Kansas,2,0
6,1,Kentucky,Kansas,2,1
1,1,Louisville,North Carolina A&T,16,1
1,2,Duke,Albany,15,1
1,3,Michigan St,Valparaiso,14,1
1,4,St Louis,New Mexico St,13,1
1,5,Oklahoma St,Oregon,12,0
1,6,Memphis,St Marys,11,1
1,7,Creighton,Cincinnati,10,1
1,8,Colorado St,Missouri,9,1
1,1,Gonzaga,Southern,16,1
1,2,Ohio St,Iona,15,1
1,3,New Mexico,Harvard,14,0
1,4,Kansas St,La Salle,13,0
1,5,Wisconsin,Ole Miss,12,0
1,6,Arizona,Belmont,11,1
1,7,Notre Dame,Iowa St,10,0
1,8,Pittsburgh,Wichita St,9,0
1,1,Kansas,Western Kentucky,16,1
1,2,Georgetown,Florida Gulf Coast,15,0
1,3,Florida,Northwestern St,14,1
1,4,Michigan,South Dakota St,13,1
1,5,VCU,Akron,12,1
1,6,UCLA,Minnesota,11,0
1,7,San Diego St,Oklahoma,10,1
1,8,North Carolina,Villanova,9,1
1,1,Indiana,James Madison,16,1
1,2,Miami,Pacific,15,1
1,3,Marquette,Davidson,14,1
1,4,Syracuse,Montana,13,1
1,5,UNLV,California,12,0
1,6,Butler,Bucknell,11,1
1,7,Illinois,Colorado,10,1
1,8,NC State,Temple,9,0
2,1,Louisville,Colorado St,8,1
2,2,Duke,Creighton,7,1
2,3,Michigan St,Memphis,6,1
2,4,St Louis,Oregon,12,0
2,1,Gonzaga,Wichita St,9,0
2,2,Ohio St,Iowa St,10,1
2,14,Harvard,Arizona,6,0
2,13,La Salle,Ole Miss,12,1
2,1,Kansas,North Carolina,8,1
2,15,Florida Gulf Coast,San Diego St,7,1
2,3,Florida,Minnesota,11,1
2,4,Michigan,VCU,5,1
2,1,Indiana,Temple,9,1
2,2,Miami,Illinois,7,1
2,3,Marquette,Butler,6,1
2,4,Syracuse,California,12,1
3,1,Louisville,Oregon,12,1
3,2,Duke,Michigan St,3,1
3,9,Wichita St,La Salle,13,1
3,2,Ohio St,Arizona,6,1
3,1,Kansas,Michigan,4,0
3,15,Florida Gulf Coast,Florida,3,0
3,1,Indiana,Syracuse,4,0
3,2,Miami,Marquette,3,0
4,1,Louisville,Duke,2,1
4,9,Wichita St,Ohio St,2,1
4,4,Michigan,Florida,3,1
4,4,Syracuse,Marquette,3,1
5,1,Louisville,Wichita St,9,1
5,4,Michigan,Syracuse,4,1
6,1,Louisville,Michigan,4,1
1,1,Florida,Albany,16,1
1,2,Kansas,Eastern Kentucky,15,1
1,3,Syracuse,Western Michigan,14,1
1,4,UCLA,Tulsa,13,1
1,5,VCU,Stephen F Austin,12,0
1,6,Ohio St,Dayton,11,0
1,7,New Mexico,Stanford,10,0
1,8,Colorado,Pittsburgh,9,0
1,1,Virginia,Coastal Carolina,16,1
1,2,Villanova,Wisconsin Milwaukee,15,1
1,3,Iowa St,North Carolina Central,14,1
1,4,Michigan St,Delaware,13,1
1,5,Cincinnati,Harvard,12,0
1,6,North Carolina,Providence,11,1
1,7,Connecticut,St Josephs,10,1
1,8,Memphis,George Washington,9,1
1,1,Arizona,Weber St,16,1
1,2,Wisconsin,American,15,1
1,3,Creighton,Louisiana Lafayette,14,1
1,4,San Diego St,New Mexico St,13,1
1,5,Oklahoma,North Dakota St,12,0
1,6,Baylor,Nebraska,11,1
1,7,Oregon,BYU,10,1
1,8,Gonzaga,Oklahoma St,9,1
1,1,Wichita St,Cal Poly,16,1
1,2,Michigan,Wofford,15,1
1,3,Duke,Mercer,14,0
1,4,Louisville,Manhattan,13,1
1,5,St Louis,NC State,12,1
1,6,Massachusetts,Tennessee,11,0
1,7,Texas,Arizona St,10,1
1,8,Kentucky,Kansas St,9,1
2,1,Florida,Pittsburgh,9,1
2,2,Kansas,Stanford,10,0
2,3,Syracuse,Dayton,11,0
2,4,UCLA,Stephen F Austin,12,1
2,1,Virginia,Memphis,8,1
2,2,Villanova,Connecticut,7,0
2,3,Iowa St,North Carolina,6,1
2,4,Michigan St,Harvard,12,1
2,1,Arizona,Gonzaga,8,1
2,2,Wisconsin,Oregon,7,1
2,3,Creighton,Baylor,6,0
2,4,San Diego St,North Dakota St,12,1
2,1,Wichita St,Kentucky,8,0
2,2,Michigan,Texas,7,1
2,14,Mercer,Tennessee,11,0
2,4,Louisville,St Louis,5,1
3,1,Florida,UCLA,4,1
3,10,Stanford,Dayton,11,0
3,1,Virginia,Michigan St,4,0
3,7,Connecticut,Iowa St,3,1
3,1,Arizona,San Diego St,4,1
3,2,Wisconsin,Baylor,6,1
3,8,Kentucky,Louisville,4,1
3,2,Michigan,Tennessee,11,1
4,1,Florida,Dayton,11,1
4,4,Michigan St,Connecticut,7,0
4,1,Arizona,Wisconsin,2,0
4,8,Kentucky,Michigan,2,1
5,1,Florida,Connecticut,7,0
5,2,Wisconsin,Kentucky,8,0
6,7,Connecticut,Kentucky,8,1
1,1,Kentucky,Hampton,16,1
1,2,Kansas,New Mexico St,15,1
1,3,Notre Dame,Northeastern,14,1
1,4,Maryland,Valparaiso,13,1
1,5,West Virginia,Buffalo,12,1
1,6,Butler,Texas,11,1
1,7,Wichita St,Indiana,10,1
1,8,Cincinnati,Purdue,9,1
1,1,Wisconsin,Coastal Carolina,16,1
1,2,Arizona,Texas Southern,15,1
1,3,Baylor,Georgia St,14,0
1,4,North Carolina,Harvard,13,1
1,5,Arkansas,Wofford,12,1
1,6,Xavier,Ole Miss,11,1
1,7,VCU,Ohio St,10,0
1,8,Oregon,Oklahoma St,9,1
1,1,Villanova,Lafayette,16,1
1,2,Virginia,Belmont,15,1
1,3,Oklahoma,Albany,14,1
1,4,Louisville,Cal Irvine,13,1
1,5,Northern Iowa,Wyoming,12,1
1,6,Providence,Dayton,11,0
1,7,Michigan St,Georgia,10,1
1,8,NC State,LSU,9,1
1,1,Duke,Robert Morris,16,1
1,2,Gonzaga,North Dakota St,15,1
1,3,Iowa St,UAB,14,0
1,4,Georgetown,Eastern Washington,13,1
1,5,Utah,Stephen F Austin,12,1
1,6,SMU,UCLA,11,0
1,7,Iowa,Davidson,10,1
1,8,San Diego St,St Johns,9,1
2,1,Kentucky,Cincinnati,8,1
2,2,Kansas,Wichita St,7,0
2,3,Notre Dame,Butler,6,1
2,4,Maryland,West Virginia,5,0
2,1,Wisconsin,Oregon,8,1
2,2,Arizona,Ohio St,10,1
2,14,Georgia St,Xavier,6,0
2,4,North Carolina,Arkansas,5,1
2,1,Villanova,NC State,8,0
2,2,Virginia,Michigan St,7,0
2,3,Oklahoma,Dayton,11,1
2,4,Louisville,Northern Iowa,5,1
2,1,Duke,San Diego St,8,1
2,2,Gonzaga,Iowa,7,1
2,14,UAB,UCLA,11,0
2,4,Georgetown,Utah,5,0
3,1,Kentucky,West Virginia,5,1
3,7,Wichita St,Notre Dame,3,0
3,1,Wisconsin,North Carolina,4,1
3,2,Arizona,Xavier,6,1
3,8,NC State,Louisville,4,0
3,7,Michigan St,Oklahoma,3,1
3,1,Duke,Utah,5,1
3,2,Gonzaga,UCLA,11,1
4,1,Kentucky,Notre Dame,3,1
4,1,Wisconsin,Arizona,2,1
4,4,Louisville,Michigan St,7,0
4,1,Duke,Gonzaga,2,1
5,1,Kentucky,Wisconsin,1,0
5,7,Michigan St,Duke,1,0
6,1,Wisconsin,Duke,1,0
1,1,Kansas,Austin Peay,16,1
1,2,Villanova,UNC Asheville,15,1
1,3,Miami,Buffalo,14,1
1,4,California,Hawaii,13,0
1,5,Maryland,South Dakota St,12,1
1,6,Arizona,Wichita St,11,0
1,7,Iowa,Temple,10,1
1,8,Colorado,Connecticut,9,0
1,1,Oregon,Holy Cross,16,1
1,2,Oklahoma,Cal St Bakersfield,15,1
1,3,Texas A&M,Wisconsin Green Bay,14,1
1,4,Duke,UNC Wilmington,13,1
1,5,Baylor,Yale,12,0
1,6,Texas,Northern Iowa,11,0
1,7,Oregon St,VCU,10,0
1,8,St Josephs,Cincinnati,9,1
1,1,North Carolina,Florida Gulf Coast,16,1
1,2,Xavier,Weber St,15,1
1,3,West Virginia,Stephen F Austin,14,0
1,4,Kentucky,Stony Brook,13,1
1,5,Indiana,Chattanooga,12,1
1,6,Notre Dame,Michigan,11,1
1,7,Wisconsin,Pittsburgh,10,1
1,8,USC,Providence,9,0
1,1,Virginia,Hampton,16,1
1,2,Michigan St,Middle Tennessee St,15,0
1,3,Utah,Fresno St,14,1
1,4,Iowa St,Iona,13,1
1,5,Purdue,Arkansas Little Rock,12,0
1,6,Seton Hall,Gonzaga,11,0
1,7,Dayton,Syracuse,10,0
1,8,Texas Tech,Butler,9,0
2,1,Kansas,Connecticut,9,1
2,2,Villanova,Iowa,7,1
2,3,Miami,Wichita St,11,1
2,13,Hawaii,Maryland,5,0
2,1,Oregon,St Josephs,8,1
2,2,Oklahoma,VCU,10,1
2,3,Texas A&M,Northern Iowa,11,1
2,4,Duke,Yale,12,1
2,1,North Carolina,Providence,9,1
2,2,Xavier,Wisconsin,7,0
2,14,Stephen F Austin,Notre Dame,6,0
2,4,Kentucky,Indiana,5,0
2,1,Virginia,Butler,9,1
2,15,Middle Tennessee St,Syracuse,10,0
2,3,Utah,Gonzaga,11,0
2,4,Iowa St,Arkansas Little Rock,12,1
3,1,Kansas,Maryland,5,1
3,2,Villanova,Miami,3,1
3,1,Oregon,Duke,4,1
3,2,Oklahoma,Texas A&M,3,1
3,1,North Carolina,Indiana,5,1
3,7,Wisconsin,Notre Dame,6,0
3,1,Virginia,Iowa St,4,1
3,10,Syracuse,Gonzaga,11,1
4,1,Kansas,Villanova,2,0
4,1,Oregon,Oklahoma,2,0
4,1,North Carolina,Notre Dame,6,1
4,1,Virginia,Syracuse,10,0
5,2,Villanova,Oklahoma,2,1
5,1,North Carolina,Syracuse,10,1
6,2,Villanova,North Carolina,1,1
1,1,Villanova,Mount St Marys,16,1
1,2,Duke,Troy,15,1
1,3,Baylor,New Mexico St,14,1
1,4,Florida,East Tennessee St,13,1
1,5,Virginia,UNC Wilmington,12,1
1,6,SMU,USC,11,0
1,7,South Carolina,Marquette,10,1
1,8,Wisconsin,Virginia Tech,9,1
1,1,Gonzaga,South Dakota St,16,1
1,2,Arizona,North Dakota,15,1
1,3,Florida St,Florida Gulf Coast,14,1
1,4,West Virginia,Bucknell,13,1
1,5,Notre Dame,Princeton,12,1
1,6,Maryland,Xavier,11,0
1,7,St Marys,VCU,10,1
1,8,Northwestern,Vanderbilt,9,1
1,1,Kansas,UC Davis,16,1
1,2,Louisville,Jacksonville St,15,1
1,3,Oregon,Iona,14,1
1,4,Purdue,Vermont,13,1
1,5,Iowa St,Nevada,12,1
1,6,Creighton,Rhode Island,11,0
1,7,Michigan,Oklahoma St,10,1
1,8,Miami,Michigan St,9,0
1,1,North Carolina,Texas Southern,16,1
1,2,Kentucky,Northern Kentucky,15,1
1,3,UCLA,Kent St,14,1
1,4,Butler,Winthrop,13,1
1,5,Minnesota,Middle Tennessee St,12,0
1,6,Cincinnati,Kansas St,11,1
1,7,Dayton,Wichita St,10,0
1,8,Arkansas,Seton Hall,9,1
2,1,Villanova,Wisconsin,8,0
2,2,Duke,South Carolina,7,0
2,3,Baylor,USC,11,1
2,4,Florida,Virginia,5,1
2,1,Gonzaga,Northwestern,8,1
2,2,Arizona,St Marys,7,1
2,3,Florida St,Xavier,11,0
2,4,West Virginia,Notre Dame,5,1
2,1,Kansas,Michigan St,9,1
2,2,Louisville,Michigan,7,0
2,3,Oregon,Rhode Island,11,1
2,4,Purdue,Iowa St,5,1
2,1,North Carolina,Arkansas,8,1
2,2,Kentucky,Wichita St,10,1
2,3,UCLA,Cincinnati,6,1
2,4,Butler,Middle Tennessee St,12,1
3,8,Wisconsin,Florida,4,0
3,7,South Carolina,Baylor,3,1
3,1,Gonzaga,West Virginia,4,1
3,2,Arizona,Xavier,11,0
3,1,Kansas,Purdue,4,1
3,7,Michigan,Oregon,3,0
3,1,North Carolina,Butler,4,1
3,2,Kentucky,UCLA,3,1
4,4,Florida,South Carolina,7,0
4,1,Gonzaga,Xavier,11,1
4,1,Kansas,Oregon,3,0
4,1,North Carolina,Kentucky,2,1
5,7,South Carolina,Gonzaga,1,0
5,3,Oregon,North Carolina,1,0
6,1,Gonzaga,North Carolina,1,0
1,1,Virginia,UMBC,16,0
1,2,Cincinnati,Georgia St,15,1
1,3,Tennessee,Wright St,14,1
1,4,Arizona,Buffalo,13,0
1,5,Kentucky,Davidson,12,1
1,6,Miami,Loyola Chicago,11,0
1,7,Nevada,Texas,10,1
1,8,Creighton,Kansas St,9,0
1,1,Xavier,Texas Southern,16,1
1,2,North Carolina,Lipscomb,15,1
1,3,Michigan,Montana,14,1
1,4,Gonzaga,UNC Greensboro,13,1
1,5,Ohio St,South Dakota St,12,1
1,6,Houston,San Diego St,11,1
1,7,Texas A&M,Providence,10,1
1,8,Missouri,Florida St,9,0
1,1,Villanova,Radford,16,1
1,2,Purdue,Cal St Fullerton,15,1
1,3,Texas Tech,Stephen F Austin,14,1
1,4,Wichita St,Marshall,13,0
1,5,West Virginia,Murray St,12,1
1,6,Florida,St Bonaventure,11,1
1,7,Arkansas,Butler,10,0
1,8,Virginia Tech,Alabama,9,0
1,1,Kansas,Pennsylvania,16,1
1,2,Duke,Iona,15,1
1,3,Michigan St,Bucknell,14,1
1,4,Auburn,College of Charleston,13,1
1,5,Clemson,New Mexico St,12,1
1,6,TCU,Syracuse,11,0
1,7,Rhode Island,Oklahoma,10,1
1,8,Seton Hall,NC State,9,1
2,16,UMBC,Kansas St,9,0
2,2,Cincinnati,Nevada,7,0
2,3,Tennessee,Loyola Chicago,11,0
2,13,Buffalo,Kentucky,5,0
2,1,Xavier,Florida St,9,0
2,2,North Carolina,Texas A&M,7,0
2,3,Michigan,Houston,6,1
2,4,Gonzaga,Ohio St,5,1
2,1,Villanova,Alabama,9,1
2,2,Purdue,Butler,10,1
2,3,Texas Tech,Florida,6,1
2,13,Marshall,West Virginia,5,0
2,1,Kansas,Seton Hall,8,1
2,2,Duke,Rhode Island,7,1
2,3,Michigan St,Syracuse,11,0
2,4,Auburn,Clemson,5,0
3,9,Kansas St,Kentucky,5,1
3,7,Nevada,Loyola Chicago,11,0
3,9,Florida St,Gonzaga,4,1
3,7,Texas A&M,Michigan,3,0
3,1,Villanova,West Virginia,5,1
3,2,Purdue,Texas Tech,3,0
3,1,Kansas,Clemson,5,1
3,2,Duke,Syracuse,11,1
4,9,Kansas St,Loyola Chicago,11,0
4,9,Florida St,Michigan,3,0
4,1,Villanova,Texas Tech,3,1
4,1,Kansas,Duke,2,1
5,11,Loyola Chicago,Michigan,3,0
5,1,Villanova,Kansas,1,1
6,3,Michigan,Villanova,1,0
1,1,Duke,North Dakota St,16,1
1,2,Michigan St,Bradley,15,1
1,3,LSU,Yale,14,1
1,4,Virginia Tech,St Louis,13,1
1,5,Mississippi St,Liberty,12,0
1,6,Maryland,Belmont,11,1
1,7,Louisville,Minnesota,10,0
1,8,VCU,Central Florida,9,0
1,1,Gonzaga,Fairleigh Dickinson,16,1
1,2,Michigan,Montana,15,1
1,3,Texas Tech,Northern Kentucky,14,1
1,4,Florida St,Vermont,13,1
1,5,Marquette,Murray St,12,0
1,6,Buffalo,Arizona St,11,1
1,7,Nevada,Florida,10,0
1,8,Syracuse,Baylor,9,0
1,1,Virginia,Gardner Webb,16,1
1,2,Tennessee,Colgate,15,1
1,3,Purdue,Old Dominion,14,1
1,4,Kansas St,UC Irvine,13,0
1,5,Wisconsin,Oregon,12,0
1,6,Villanova,St Marys,11,1
1,7,Cincinnati,Iowa,10,0
1,8,Ole Miss,Oklahoma,9,0
1,1,North Carolina,Iona,16,1
1,2,Kentucky,Abilene Christian,15,1
1,3,Houston,Georgia St,14,1
1,4,Kansas,Northeastern,13,1
1,5,Auburn,New Mexico St,12,1
1,6,Iowa St,Ohio St,11,0
1,7,Wofford,Seton Hall,10,1
1,8,Utah St,Washington,9,0
2,1,Duke,Central Florida,9,1
2,2,Michigan St,Minnesota,10,1
2,3,LSU,Maryland,6,1
2,4,Virginia Tech,Liberty,12,1
2,1,Gonzaga,Baylor,9,1
2,2,Michigan,Florida,10,1
2,3,Texas Tech,Buffalo,6,1
2,4,Florida St,Murray St,12,1
2,1,Virginia,Oklahoma,9,1
2,2,Tennessee,Iowa,10,1
2,3,Purdue,Villanova,6,1
2,13,UC Irvine,Oregon,12,0
2,1,North Carolina,Washington,9,1
2,2,Kentucky,Wofford,7,1
2,3,Houston,Ohio St,11,1
2,4,Kansas,Auburn,5,0
3,1,Duke,Virginia Tech,4,1
3,2,Michigan St,LSU,3,1
3,1,Gonzaga,Florida St,4,1
3,2,Michigan,Texas Tech,3,0
3,1,Virginia,Oregon,12,1
3,2,Tennessee,Purdue,3,0
3,1,North Carolina,Auburn,5,0
3,2,Kentucky,Houston,3,1
4,1,Duke,Michigan St,2,0
4,1,Gonzaga,Texas Tech,3,0
4,1,Virginia,Purdue,3,1
4,5,Auburn,Kentucky,2,1
5,2,Michigan St,Texas Tech,3,0
5,1,Virginia,Auburn,5,1
6,3,Texas Tech,Virginia,1,0
